"","Nov 2015 to Nov 2016","","Nov 2016 to Nov 2017","","Nov 2017 to Nov 2018","","Nov 2018 to Nov 2019","","Nov 2019 to Nov 2020","","Nov 2020 to Nov 2021",""
"Ethnicity","%","Number of Respondents ","%","Number of Respondents ","%","Number of Respondents ","%","Number of Respondents ","%","Number of Respondents ","%","Number of Respondents "
"All","62.1","198,911","61.8","196,635","62.7","179,747","63.3","181,535","61.4","177,735","61.4","177,273"
"Asian","55.6","7,984","54.0","8,240","56.3","6,719","53.9","7,304","49.5","7,824","50.4","8,201"
"Black","56.6","2,910","55.4","2,996","56.6","2,494","57.7","2,524","53.3","2,664","55.1","2,792"
"Chinese","56.1","1,057","56.3","1,061","64.4","891","61.0","983","56.7","1,034","57.8","1,221"
"Mixed","70.8","1,982","71.3","2,078","72.3","2,002","67.5","2,159","67.9","2,179","68.0","2,359"
"White British","62.8","167,292","62.9","163,434","63.6","149,985","64.6","151,336","63.1","147,260","62.7","146,284"
"White other","65.8","9,898","65.3","10,189","66.8","9,671","65.3","9,654","63.4","9,580","65.0","10,054"
"Other","56.8","1,500","56.6","1,475","56.4","1,275","60.9","1,312","53.3","1,418","53.0","1,458"
