"","Benefit Income of which Disability benefits","Benefit Income of which Income-related benefits","Benefit Income of which State Pension","Earnings income","Investment income","Occupational pension income","Other income","Personal pension income"
"Income","%","%","%","%","%","%","%","%"
"All","20","23","97","16","61","60","48","17"
"Asian","22","37","86","13","35","29","41","6"
"Black","22","40","93","21","27","44","50","6"
"Mixed","?","?","?","?","?","?","?","?"
"White","20","23","98","16","63","61","48","17"
"White British","20","22","98","16","63","62","48","18"
"White Other","20","32","88","19","48","44","47","12"
"Other","?","?","?","?","?","?","?","?"
